{
  "XGBoost": {
    "accuracy": 0.837249373433584,
    "precision": 0.8184838685386221,
    "recall": 0.837249373433584,
    "f1_score": 0.822446200593645,
    "roc_auc": 0.8355223261188894,
    "cv_accuracy_mean": 0.7407581453634086,
    "cv_accuracy_std": 0.006526524641603895,
    "cv_f1_mean": 0.7640227816174967,
    "cv_f1_std": 0.006173296339735622,
    "cv_roc_auc_mean": 0.7902476949276839,
    "cv_roc_auc_std": 0.010204741624873727
  },
  "Neural Network": {
    "accuracy": 0.818609022556391,
    "precision": 0.7940073332791338,
    "recall": 0.818609022556391,
    "f1_score": 0.8008460393798739,
    "roc_auc": 0.7694140823954064,
    "cv_accuracy_mean": 0.8247180451127819,
    "cv_accuracy_std": 0.0063396323135488965,
    "cv_f1_mean": 0.7706158017391863,
    "cv_f1_std": 0.010030267904674667,
    "cv_roc_auc_mean": 0.7399799898358946,
    "cv_roc_auc_std": 0.023583743247645506
  },
  "Ensemble": {
    "accuracy": 0.8295739348370927,
    "precision": 0.819342912616479,
    "recall": 0.8295739348370927,
    "f1_score": 0.8234903133745075,
    "roc_auc": 0.8292939118339132,
    "cv_accuracy_mean": 0.7407581453634086,
    "cv_accuracy_std": 0.006526524641603895,
    "cv_f1_mean": 0.7640227816174967,
    "cv_f1_std": 0.006173296339735622,
    "cv_roc_auc_mean": 0.7902476949276839,
    "cv_roc_auc_std": 0.010204741624873727
  }
}