{
  "XGBoost": {
    "accuracy": 0.8386591478696742,
    "precision": 0.8165874467151062,
    "recall": 0.8386591478696742,
    "f1_score": 0.8070477201444083,
    "roc_auc": 0.8378142769385213,
    "cv_accuracy_mean": 0.8275375939849624,
    "cv_accuracy_std": 0.007788097051789513,
    "cv_f1_mean": 0.8034852354343961,
    "cv_f1_std": 0.00999635869169034,
    "cv_roc_auc_mean": 0.7950612899252327,
    "cv_roc_auc_std": 0.00951698053585728
  },
  "Neural Network": {
    "accuracy": 0.8325501253132832,
    "precision": 0.8058779918965194,
    "recall": 0.8325501253132832,
    "f1_score": 0.7972638945564215,
    "roc_auc": 0.8153821927436731,
    "cv_accuracy_mean": 0.8278508771929824,
    "cv_accuracy_std": 0.007482813854947517,
    "cv_f1_mean": 0.7926093240246453,
    "cv_f1_std": 0.010316832479316071,
    "cv_roc_auc_mean": 0.7878685787237482,
    "cv_roc_auc_std": 0.014874773374323448
  }
}